City,Country,Latitude,Longitude,Temperature,Humidity,Cloudiness,Wind Speed
Pangnirtung,CA,66.1451,-65.7125,44.6,76,75,12.66
Kutum,SD,14.2,24.6667,80.37,39,92,7.07
Nagato,JP,34.3833,131.2,71.51,67,91,7.38
Bundaberg,AU,-24.85,152.35,56.21,87,4,1.99
Millinocket,US,45.6573,-68.7098,81.36,50,20,9.22
New Norfolk,AU,-42.7826,147.0587,41.67,88,16,2.77
Major Isidoro,BR,-9.5322,-36.985,74.52,88,38,6.71
Hermanus,ZA,-34.4187,19.2345,66.42,51,100,7.87
Busselton,AU,-33.65,115.3333,49.05,77,99,20.78
Kenora,CA,49.8167,-94.4337,67.17,52,75,18.41
Neijiang,CN,29.5835,105.0622,68.25,92,98,1.68
Upernavik,GL,72.7868,-56.1549,36.23,72,24,9.71
Albany,US,42.6001,-73.9662,87.13,54,1,6.98
Bengkulu,ID,-3.8004,102.2655,74.53,88,82,4.7
Castro,BR,-24.7911,-50.0119,59.5,71,59,5.55
Tuktoyaktuk,CA,69.4541,-133.0374,55.4,88,20,6.91
Ilebo,CD,-4.3167,20.5833,77.41,43,99,1.57
Carnarvon,AU,-24.8667,113.6333,60.87,59,90,3.44
Matara,LK,5.9485,80.5353,79.25,86,41,11.95
Thompson,CA,55.7435,-97.8558,51.96,50,75,11.5
Saint-François,FR,46.4154,3.9054,63.84,85,0,3.44
Ostrovnoy,RU,68.0531,39.5131,47.61,96,100,9.44
Artesia,US,33.8658,-118.0831,96.93,65,20,1.01
Praia da Vitória,PT,38.7333,-27.0667,68.25,73,75,13.4
Galveston,US,29.3669,-94.9669,93.04,79,20,16.11
Lagoa,PT,39.05,-27.9833,64.96,71,4,12.91
Ilulissat,GL,69.2167,-51.1,39.22,93,90,10.36
Man,CI,7.4125,-7.5538,72.77,98,85,2.73
Tahe,CN,52.3333,124.7333,52.9,92,76,3.42
Batemans Bay,AU,-35.7167,150.1833,50.92,73,97,4.85
Cidreira,BR,-30.1811,-50.2056,60.8,89,81,2.04
Geraldton,AU,-28.7667,114.6,55.81,76,90,17.27
Saldanha,ZA,-33.0117,17.9442,60.85,51,64,12.28
Butaritari,KI,3.0707,172.7902,81.45,75,30,6.6
Cherskiy,RU,68.75,161.3,64.27,40,15,14.63
São João da Barra,BR,-21.6403,-41.0511,82.49,72,2,8.72
Rikitea,PF,-23.1203,-134.9692,75.42,80,7,18.88
Nouakchott,MR,18.0858,-15.9785,80.53,63,31,23.69
Obihiro,JP,42.9172,143.2044,53.76,96,100,1.52
Honningsvåg,NO,70.9821,25.9704,47.73,81,0,3.44
Nuuk,GL,64.1835,-51.7216,41.61,100,90,3.44
Husavik,IS,66.0449,-17.3389,51.71,65,17,3.98
Lluta,PE,-16.0147,-72.0142,59.27,40,24,9.24
Lüderitz,NA,-26.6481,15.1594,70.95,34,0,4.05
Bluff,NZ,-46.6,168.3333,43.05,84,8,6.38
Haigerloch,DE,48.3661,8.8036,67.77,96,100,7.7
Punta Arenas,CL,-53.15,-70.9167,39.31,81,0,13.8
Iaciara,BR,-14.0958,-46.6317,85.24,30,8,3.94
Palu,ID,-0.8917,119.8707,73.76,92,86,3.06
Ushuaia,AR,-54.8,-68.3,44.26,53,40,18.41
Puerto Ayora,EC,-0.7393,-90.3518,82.36,81,55,7.0
Sorong,ID,-0.8833,131.25,79.48,83,100,8.7
Hay River,CA,60.8156,-115.7999,64.38,36,20,5.75
Tual,ID,-5.6667,132.75,80.74,77,89,16.91
Atuona,PF,-9.8,-139.0333,79.57,73,22,18.92
At-Bashi,KG,41.1702,75.8106,49.93,62,46,0.92
Esim,GH,4.8699,-2.2405,76.87,88,100,9.69
Hobart,AU,-42.8794,147.3294,42.03,94,14,1.01
Chizhou,CN,30.6578,117.4831,68.99,92,92,1.86
Beringovskiy,RU,63.05,179.3167,42.28,82,100,5.55
Saint Paul Harbor,US,57.79,-152.4072,47.71,93,90,20.71
Camacha,PT,33.0833,-16.3333,66.96,83,40,14.97
Port Alfred,ZA,-33.5906,26.891,72.0,37,79,11.05
Port Macquarie,AU,-31.4333,152.9167,54.9,89,100,9.33
Haines Junction,CA,60.7522,-137.5108,60.75,44,100,6.91
Severo-Kuril'sk,RU,50.6789,156.125,44.89,84,100,7.0
Mataura,NZ,-46.1927,168.8643,36.03,98,36,2.64
Cairns,AU,-16.9167,145.7667,60.06,93,5,0.0
East London,ZA,-33.0153,27.9116,70.54,35,5,7.2
Nyrob,RU,60.733,56.7202,43.63,71,57,2.82
Faya,SA,18.3851,42.4509,77.11,18,21,5.1
Hare Bay,CA,48.8499,-54.0148,63.75,87,100,9.57
Kargasok,RU,59.0556,80.8572,49.71,80,100,8.25
Pinhão,BR,-25.6956,-51.6597,56.26,81,11,1.97
Tavricheskoye,RU,54.5851,73.6395,48.11,87,42,11.65
Shimoda,JP,34.6667,138.95,72.16,82,100,4.65
Ishigaki,JP,24.3448,124.1572,84.43,81,100,3.04
Kapaa,US,22.0752,-159.319,81.19,75,75,3.0
Tiksi,RU,71.6872,128.8694,54.14,63,76,4.7
Kavieng,PG,-2.5744,150.7967,81.81,76,99,13.06
Muscat,OM,23.6139,58.5922,87.82,44,3,5.28
Imbituba,BR,-28.24,-48.6703,66.09,92,97,6.04
Clyde River,CA,70.4692,-68.5914,39.43,75,75,8.05
Samarai,PG,-10.6167,150.6667,78.93,84,49,14.9
Mutoko,ZW,-17.397,32.2268,52.68,74,45,3.71
Manoel Urbano,BR,-8.8389,-69.2597,88.84,45,62,2.26
Yellowknife,CA,62.456,-114.3525,55.92,47,20,10.36
Santa Fe,AR,-31.6333,-60.7,63.0,57,0,1.99
Khatanga,RU,71.9667,102.5,64.85,63,95,11.01
Mahébourg,MU,-20.4081,57.7,71.89,68,40,18.41
Kaiyuan,CN,23.6977,103.3037,68.72,83,99,3.44
Leamington,CA,42.0549,-82.6062,87.8,84,70,5.01
Kirillov,RU,59.863,38.3813,67.93,65,19,5.14
Jamestown,US,42.097,-79.2353,84.29,69,75,11.5
Avarua,CK,-21.2078,-159.775,73.45,64,20,5.75
Norrköping,SE,58.5942,16.1826,81.18,59,20,12.66
Ulaanbaatar,MN,47.9077,106.8832,55.53,62,0,4.47
Auki,SB,-8.7676,160.7034,75.56,86,36,4.03
Vestmannaeyjar,IS,63.4427,-20.2734,49.19,76,0,23.02
Acapulco de Juárez,MX,16.8634,-99.8901,85.82,74,75,8.05
Labuhan,ID,-6.8844,112.2051,77.29,82,96,5.06
Bredasdorp,ZA,-34.5322,20.0403,54.72,71,99,5.75
Chokurdakh,RU,70.6333,147.9167,58.95,49,3,9.73
Lorengau,PG,-2.0226,147.2712,79.52,83,95,8.72
Saint-Philippe,RE,-21.3585,55.7679,69.39,67,99,13.38
Batticaloa,LK,7.7102,81.6924,81.07,77,16,3.4
Hilo,US,19.7297,-155.09,81.28,64,20,0.0
Japura,ID,-0.3167,102.35,72.88,89,90,2.08
Makakilo City,US,21.3469,-158.0858,81.61,61,1,6.91
Bathsheba,BB,13.2167,-59.5167,86.61,62,40,24.16
Juba,SS,4.8517,31.5825,70.7,84,27,1.03
Rabo de Peixe,PT,37.8,-25.5833,67.51,64,40,14.97
Hithadhoo,MV,-0.6,73.0833,83.19,73,100,11.1
Provideniya,RU,64.3833,-173.3,59.11,63,0,4.47
Sistranda,NO,63.7256,8.834,60.76,89,100,17.02
Arraial do Cabo,BR,-22.9661,-42.0278,84.16,61,0,5.75
Kenai,US,60.5544,-151.2583,58.03,79,90,16.11
The Pas,CA,53.8251,-101.2541,51.82,62,90,19.57
Longyearbyen,SJ,78.2186,15.6401,39.04,75,75,16.11
Cape Town,ZA,-33.9258,18.4232,73.11,30,0,5.75
Arlit,NE,18.7369,7.3853,95.79,11,5,6.91
Talnakh,RU,69.4865,88.3972,43.54,98,100,5.59
Mariental,NA,-24.6333,17.9667,57.25,39,0,12.75
Houma,US,29.5958,-90.7195,87.8,79,75,11.5
Cortez,US,37.3489,-108.5859,93.52,15,1,12.66
Berbera,SO,10.4396,45.0143,92.07,43,28,13.78
Yenagoa,NG,4.9247,6.2642,75.24,94,100,6.24
Ukiah,US,39.1502,-123.2078,102.43,22,1,9.22
Hong Kong,HK,22.2855,114.1577,87.33,87,100,5.01
Bethel,US,41.3712,-73.414,88.48,61,1,8.05
Grass Valley,US,39.2191,-121.0611,100.06,20,1,5.01
Juan de Ayolas,PY,-27.4,-56.9,64.36,65,89,4.92
Kampot,KH,10.6167,104.1833,84.25,86,54,8.16
Contamana,PE,-7.3333,-75.0167,81.27,86,41,1.83
San Patricio,US,28.017,-97.5169,92.01,53,96,18.57
Keningau,MY,5.3378,116.1602,73.85,99,100,1.34
Shelburne,CA,44.0787,-80.2041,81.73,39,49,9.75
Tupelo,US,34.2576,-88.7034,93.49,50,20,10.0
Vaini,TO,-21.2,-175.2,66.36,94,40,0.0
Iqaluit,CA,63.7506,-68.5145,37.13,81,75,15.01
Fort Nelson,CA,58.8053,-122.7002,72.99,40,40,4.61
Mount Isa,AU,-20.7333,139.5,53.37,40,0,6.91
Vilyuysk,RU,63.7553,121.6247,69.6,64,79,2.73
Mackay,AU,-21.15,149.2,54.05,87,0,5.75
West Wendover,US,40.7391,-114.0733,90.61,14,1,10.36
Nome,US,64.5011,-165.4064,67.15,58,1,6.91
Constitución,CL,-35.3333,-72.4167,55.51,64,100,9.24
Airai,TL,-8.9266,125.4092,55.53,92,34,3.27
Susa,IR,32.1942,48.2436,96.89,9,0,15.41
Quimper,FR,48.0,-4.1,61.38,100,90,3.44
Ahipara,NZ,-35.1667,173.1667,57.96,85,59,18.68
Inta,RU,66.0317,60.1659,43.77,80,100,7.36
Baykit,RU,61.67,96.37,60.1,74,34,3.18
Bowen,AU,-20.0167,148.2333,44.82,72,3,6.49
Dunedin,NZ,-45.8742,170.5036,42.8,89,37,1.01
Anloga,GH,5.7947,0.8973,78.94,84,100,15.1
Mersing,MY,2.4312,103.8405,73.31,94,99,4.61
Chui,UY,-33.6971,-53.4616,52.02,79,49,7.38
Cabo San Lucas,MX,22.8909,-109.9124,96.51,68,40,17.27
São Filipe,CV,14.8961,-24.4956,72.37,78,1,12.1
Trincomalee,LK,8.5711,81.2335,79.52,79,12,13.73
Nainpur,IN,22.4333,80.1167,78.62,76,71,3.69
Ankang,CN,32.68,109.0172,66.97,68,98,0.89
Antas,PT,41.7364,-8.3089,55.67,98,100,8.16
Sambava,MG,-14.2667,50.1667,71.55,83,39,16.15
Hövelhof,DE,51.8167,8.65,73.71,71,100,5.48
Omsukchan,RU,62.5333,155.8,46.47,60,100,6.55
Moses Lake,US,47.1301,-119.2781,84.29,28,1,4.61
Comodoro Rivadavia,AR,-45.8667,-67.5,51.66,50,0,4.61
Praia,CV,14.9215,-23.5087,75.74,64,20,21.85
Maragogi,BR,-9.0122,-35.2225,77.85,81,12,6.17
Ichchāpuram,IN,19.1167,84.7,85.32,63,100,4.45
Zabaykal'sk,RU,49.6333,117.3167,52.02,93,39,5.57
Pisco,PE,-13.7,-76.2167,66.25,77,90,16.11
Nakambala,ZM,-15.8324,27.7799,56.77,55,1,6.67
Barrow,US,71.2906,-156.7887,35.62,87,90,11.5
Río Gallegos,AR,-51.6226,-69.2181,42.85,70,0,17.27
Denpasar,ID,-8.65,115.2167,78.46,94,20,4.61
Tasiilaq,GL,65.6145,-37.6368,42.96,62,100,6.22
Luang Prabang,LA,19.8856,102.1347,74.59,90,12,2.13
Norman Wells,CA,65.282,-126.8329,69.84,40,75,11.5
Datong,CN,40.0936,113.2914,68.61,39,82,2.37
Yar-Sale,RU,66.8333,70.8333,39.07,62,89,16.42
Katsuura,JP,35.1333,140.3,72.19,81,74,7.49
Mapastepec,MX,15.4333,-92.9,84.38,72,100,4.05
Cullman,US,34.1748,-86.8436,89.71,63,40,1.01
Kahului,US,20.8947,-156.47,79.86,72,20,13.8
Hūn,LY,29.1268,15.9477,88.88,19,0,8.97
Buraidah,SA,26.326,43.975,97.25,9,0,10.02
Dingle,PH,10.9995,122.6711,76.41,89,100,5.93
Lebu,CL,-37.6167,-73.65,53.49,73,100,15.64
Monroe,US,43.1501,-77.6831,85.41,63,75,4.61
Qaanaaq,GL,77.484,-69.3632,39.36,58,10,2.62
Guozhen,CN,34.3659,107.359,70.83,50,76,3.78
Ormond Beach,US,29.2858,-81.0559,91.54,55,90,9.22
Xixiang,CN,35.1628,112.865,78.46,34,14,3.18
Sitka,US,57.0531,-135.33,57.09,82,90,6.91
Coihueco,CL,-36.6167,-71.8333,52.54,66,40,9.22
Pevek,RU,69.7008,170.3133,44.1,72,15,4.79
Isangel,VU,-19.55,169.2667,75.02,79,100,5.03
Bourail,NC,-21.5667,165.4833,65.95,77,92,2.57
Olinda,BR,-8.0089,-34.8553,76.73,73,75,4.61
Mwense,ZM,-10.3845,28.698,62.37,45,8,5.57
Chara,RU,56.9064,118.2631,55.33,76,40,0.87
Methóni,GR,36.8197,21.7049,69.66,84,0,10.18
Umluj,SA,25.0213,37.2685,85.14,47,0,8.7
Tonj,SS,7.2737,28.6822,70.74,92,100,3.09
Charters Towers,AU,-20.1,146.2667,51.37,65,0,3.31
North Bend,US,43.4065,-124.2243,76.91,79,20,25.32
Guerrero Negro,MX,27.9769,-114.0611,73.65,60,10,11.79
Mar del Plata,AR,-38.0023,-57.5575,56.12,61,0,5.01
Rawson,AR,-43.3002,-65.1023,50.34,43,17,9.75
Prince Rupert,CA,54.3161,-130.3201,60.49,82,1,5.75
Ponta do Sol,PT,32.6667,-17.1,72.72,76,52,5.59
Te Anau,NZ,-45.4167,167.7167,37.15,96,59,2.21
Port Elizabeth,ZA,-33.918,25.5701,74.1,33,20,9.22
Rome,US,43.2128,-75.4557,84.4,51,20,4.61
Iskateley,RU,67.6803,53.1512,50.58,69,100,8.61
Avera,US,33.194,-82.5271,78.46,95,100,15.61
Ribeira Brava,PT,32.65,-17.0667,72.72,78,47,4.07
Verkhoyansk,RU,67.5447,133.385,72.34,41,100,5.55
Ust-Nera,RU,64.5667,143.2,65.97,53,6,5.61
Namatanai,PG,-3.6667,152.4333,78.33,82,62,9.17
Porto Murtinho,BR,-21.6989,-57.8825,65.44,57,100,0.98
Fairbanks,US,64.8378,-147.7164,68.09,56,40,1.01
Esso,RU,55.9333,158.7,41.49,92,100,2.04
San Jerónimo,PE,-11.9472,-75.2829,60.89,48,79,9.08
Kviteseid,NO,59.4022,8.4927,59.11,98,100,3.15
Katherine,AU,-14.4667,132.2667,52.12,66,42,6.91
Henties Bay,NA,-22.116,14.2845,74.86,40,0,7.09
Yarkovo,RU,57.4028,67.0786,47.37,95,100,14.56
Andros Town,BS,24.7,-77.7667,87.76,66,98,17.31
Kupang,ID,-10.1667,123.5833,74.52,82,10,9.73
Nikolskoye,RU,59.7035,30.7861,78.69,68,0,3.44
Zhangaözen,KZ,43.3,52.8,79.36,18,5,13.56
Casper,US,42.8666,-106.3131,72.19,33,20,13.8
Province of Trapani,IT,37.8333,12.6667,82.58,39,0,11.5
Saint-Pierre,RE,-21.3393,55.4781,69.48,73,90,11.5
San Ramon,US,37.7799,-121.978,93.07,38,1,7.0
Whitehorse,CA,60.7161,-135.0538,62.02,48,90,11.99
Puerto Madryn,AR,-42.7692,-65.0385,50.32,51,40,11.39
Yaan,NG,7.3833,8.5667,76.75,87,8,5.97
Nelson Bay,AU,-32.7167,152.15,55.0,95,55,11.14
Kapit,MY,2.0167,112.9333,72.36,99,100,1.59
Tateyama,JP,34.9833,139.8667,73.15,83,99,11.36
Vila Franca do Campo,PT,37.7167,-25.4333,68.41,71,2,9.71
Horadiz,AZ,39.4488,47.3353,75.97,57,0,5.68
Faanui,PF,-16.4833,-151.75,79.99,72,8,4.61
Kristinehamn,SE,59.3098,14.1081,68.58,97,60,2.64
Yumen,CN,40.2833,97.2,71.69,20,3,8.68
Myaundzha,RU,63.0494,147.1858,54.64,78,75,1.3
San Carlos,VE,9.6612,-68.5827,88.95,52,71,4.27
Ambon City,ID,-3.6954,128.1814,75.34,100,75,5.75
San Remigio,PH,11.0809,123.9381,79.77,81,100,5.91
Sankt Florian,AT,48.2057,14.3784,83.86,58,100,8.05
Caldas Novas,BR,-17.7417,-48.625,79.92,32,98,6.6
Piura,PE,-5.2,-80.6333,82.45,49,99,12.73
Erdenet,MN,49.0333,104.0833,54.5,74,33,1.9
Coyhaique,CL,-45.5752,-72.0662,47.01,66,75,3.44
Pangai,TO,-19.8,-174.35,69.91,94,20,0.0
Cap Malheureux,MU,-19.9842,57.6142,72.09,74,69,8.01
Petropavlovsk-Kamchatskiy,RU,53.0452,158.6483,48.79,66,75,8.95
Sovetskiy,RU,61.3614,63.5842,45.68,64,29,11.56
Santa Marinella,IT,42.0345,11.8536,81.1,60,87,10.4
Kamenka,RU,51.3223,42.7678,65.07,74,73,9.06
Ust-Maya,RU,60.4167,134.5333,64.08,67,72,1.74
Jonesboro,US,35.8423,-90.7043,94.03,46,100,16.53
Klyuchi,RU,52.2667,79.1667,56.39,82,100,19.44
Codrington,AU,-38.2667,141.9667,41.74,91,0,6.96
Bambous Virieux,MU,-20.3428,57.7575,71.85,68,40,18.41
Salalah,OM,17.0151,54.0924,80.69,89,90,5.75
Kruisfontein,ZA,-34.0033,24.7314,71.89,31,8,8.55
Baker City,US,44.7749,-117.8344,80.15,32,1,19.57
Pāsighāt,IN,28.0667,95.3333,76.55,98,99,2.24
Dikson,RU,73.5069,80.5464,32.0,84,0,5.03
Taksimo,RU,56.3444,114.8794,53.76,88,37,0.45
Egvekinot,RU,66.3167,-179.1667,56.05,44,100,6.02
Westport,US,41.1415,-73.3579,90.05,53,1,3.0
Khuzhir,RU,53.1939,107.3397,47.07,84,65,9.06
Moorhead,US,46.8739,-96.7676,60.98,88,90,5.01
Kurchum,KZ,48.5722,83.6542,50.4,61,8,7.7
Porto-Novo,BJ,6.4965,2.6036,78.62,89,100,10.07
Ryomgård,DK,56.3843,10.503,62.6,79,75,11.01
Klaksvík,FO,62.2266,-6.589,47.32,77,53,4.47
Kashgar,CN,39.4547,75.9797,72.61,20,20,15.66
Bago,MM,17.3367,96.4797,78.93,91,32,4.7
Buala,SB,-8.145,159.5921,79.47,79,96,4.45
Lebedinyy,RU,58.5167,125.5167,62.76,76,78,0.72
Kisangani,CD,0.5167,25.2,74.05,81,87,3.38
Ambilobe,MG,-13.2,49.05,68.43,75,13,5.5
Yelovo,RU,57.0538,54.9207,54.14,60,4,4.05
Hasaki,JP,35.7333,140.8333,63.28,84,100,10.36
Shihezi,CN,44.3,86.0333,63.64,36,100,6.69
Antalaha,MG,-14.9003,50.2788,70.14,86,42,12.39
Vardø,NO,70.3705,31.1107,49.75,93,75,5.75
Hue,VN,16.4667,107.6,86.11,62,20,4.61
Jalu,LY,29.0331,21.5482,84.07,28,0,10.36
Alzamay,RU,55.5562,98.6644,58.42,86,95,1.43
Winslow,US,35.0242,-110.6974,100.58,10,1,5.01
Slave Lake,CA,55.2834,-114.769,62.53,34,2,5.86
Ilhabela,BR,-23.7781,-45.3581,67.08,88,81,12.35
Racine,US,42.7495,-88.0751,80.11,79,100,4.61
Hamilton,US,39.1834,-84.5333,89.04,65,75,1.01
Vulcan,RO,45.3833,23.2667,57.36,89,41,2.28
Torbay,CA,47.6666,-52.7314,59.29,95,90,16.11
Nemuro,JP,43.3236,145.575,47.48,96,100,20.15
Boleč,RS,44.7247,20.6033,76.62,22,0,4.12
Aktas,KZ,49.7789,72.9608,55.15,95,84,15.14
Leshukonskoye,RU,64.8989,45.7622,52.74,66,100,10.22
Grindavik,IS,63.8424,-22.4338,49.95,71,40,14.97
Dilla,ET,6.41,38.31,60.8,93,100,2.89
Benidorm,ES,38.5382,-0.131,80.24,72,0,8.88
Pandan,PH,14.0453,124.1694,81.09,83,100,7.76
Tuatapere,NZ,-46.1333,167.6833,39.38,95,33,3.67
Rocha,UY,-34.4833,-54.3333,49.3,76,6,4.94
Marawi,PH,7.9986,124.2928,69.66,91,100,3.8
Umm Kaddadah,SD,13.6017,26.6876,90.09,32,66,16.78
Edd,ER,13.9297,41.6925,88.21,69,100,2.89
Nāthdwāra,IN,24.9333,73.8167,76.32,73,100,8.43
Nokaneng,BW,-19.6667,22.2667,60.24,42,42,8.08
Hailar,CN,49.2,119.7,51.62,93,95,6.11
Luena,AO,-11.7833,19.9167,55.81,56,92,3.42
Latung,PH,5.5,120.8833,82.83,71,100,2.91
Flin Flon,CA,54.7682,-101.865,51.64,58,75,14.97
George Town,MY,5.4112,100.3354,79.9,87,40,1.01
Sarh,TD,9.1429,18.3923,76.91,83,20,0.0
Nanortalik,GL,60.1432,-45.2371,42.71,97,100,3.15
Dali,CN,25.7,100.1833,63.63,91,39,4.94
Palmer,US,42.1584,-72.3287,89.28,48,0,1.01
Carballo,ES,43.213,-8.691,60.49,92,100,11.83
Aklavik,CA,68.2191,-135.0107,74.12,67,75,4.61
Santiago del Estero,AR,-27.7951,-64.2615,65.71,37,43,10.78
Saskylakh,RU,71.9167,114.0833,75.43,40,13,5.57
Saint-Augustin,CA,51.226,-58.6502,51.69,98,100,6.78
Srednekolymsk,RU,67.45,153.6833,61.11,47,7,16.46
Merauke,ID,-8.4667,140.3333,77.09,82,100,13.22
Mali,GN,12.079,-12.2982,71.2,51,100,4.45
Harper,LR,4.375,-7.7169,76.71,87,98,10.07
Kurumkan,RU,54.3,110.3,56.5,78,72,2.35
Hobyo,SO,5.3505,48.5268,76.82,83,100,27.74
Conde,BR,-7.2597,-34.9075,81.86,74,20,8.05
Chernushka,RU,56.5072,56.0766,51.82,64,6,5.12
Caucayá,CO,-0.1934,-74.7819,75.16,88,99,2.77
Perundurai,IN,11.2667,77.5833,77.18,74,100,11.41
Cuamba,MZ,-14.8031,36.5372,64.4,82,100,5.26
Saint George,US,37.1041,-113.5841,109.63,11,1,3.0
Lompoc,US,34.6391,-120.4579,94.69,64,1,10.36
Narsaq,GL,60.9167,-46.05,48.42,95,100,2.62
Coruripe,BR,-10.1256,-36.1756,76.55,85,1,7.94
Chokwé,MZ,-24.5333,32.9833,61.57,88,6,4.52
Toropets,RU,56.4978,31.6353,72.97,71,88,4.14
Palāsa,IN,18.7667,84.4167,83.82,65,100,4.92
Massaguet,TD,12.4755,15.4365,93.24,37,25,3.85
Diré,ML,12.2833,-10.9667,82.51,61,100,0.67
Evensk,RU,61.95,159.2333,52.09,59,15,1.63
Belmonte,BR,-15.8631,-38.8828,78.8,73,21,5.41
Bosaso,SO,11.2842,49.1816,93.24,41,42,13.67
Half Moon Bay,US,37.4636,-122.4286,92.59,65,90,1.01
Kruglolesskoye,RU,44.6589,42.8142,69.89,58,42,9.04
Pocerski Pričinović,RS,44.7222,19.7072,76.95,59,8,5.01
Brae,GB,60.3964,-1.353,51.71,75,100,3.42
Nioro,GM,13.35,-15.75,84.27,52,22,14.52
Qiqihar,CN,47.3408,123.9672,57.88,89,98,5.5
Port Lincoln,AU,-34.7333,135.8667,51.35,71,60,10.38
Morro Bay,US,35.3658,-120.8499,100.38,57,21,8.01
Shirokiy,RU,49.758,129.523,54.46,76,91,3.83
Xunchang,CN,28.4543,104.715,71.83,80,100,1.25
Jistebnice,CZ,49.4855,14.5276,78.73,78,81,8.88
Makkah al Mukarramah,SA,21.4267,39.8261,90.82,24,16,5.19
Charlottesville,US,38.0293,-78.4767,90.93,65,40,5.01
Leningradskiy,RU,69.3833,178.4167,43.23,80,26,8.75
Hambantota,LK,6.1241,81.1185,78.73,82,28,15.03
Khovd,MN,48.0056,91.6419,62.55,42,19,13.53
Äänekoski,FI,62.6946,25.818,77.07,74,57,3.13
Bambanglipuro,ID,-7.95,110.2833,58.6,88,100,2.57
Pavlodar,KZ,52.3,76.95,55.2,94,90,13.42
Paphos,CY,34.7667,32.4167,73.18,83,75,0.0
Mount Gambier,AU,-37.8333,140.7667,33.71,100,0,4.61
Richards Bay,ZA,-28.783,32.0377,65.21,73,0,10.56
Mazagão,BR,-0.115,-51.2894,91.45,67,21,5.01
Astoria,US,46.1879,-123.8313,80.1,73,1,1.99
Rojhan,PK,28.6868,69.9534,97.11,34,41,6.49
Lingao,CN,19.9103,109.6859,83.01,66,100,9.66
Mehrān,IR,33.1222,46.1646,90.88,11,0,10.49
Villa María,AR,-32.4075,-63.2402,58.82,62,82,11.74
Liberal,US,37.0431,-100.921,101.43,22,1,14.97
Yārāda,IN,17.65,83.2667,82.72,83,75,2.3
Mayumba,GA,-3.432,10.6554,74.61,86,14,7.81
La Tuque,CA,47.4334,-72.7824,79.05,44,51,4.61
La Ronge,CA,55.1001,-105.2842,52.05,46,75,12.66
Flinders,AU,-34.5833,150.8552,54.18,87,99,1.99
Fortuna,US,40.5982,-124.1573,70.93,68,1,1.99
Shakawe,BW,-18.3667,21.85,63.77,34,93,10.04
Meulaboh,ID,4.1363,96.1285,74.75,86,99,4.32
Cape Coast,GH,5.1053,-1.2466,77.04,88,100,12.53
Berlevåg,NO,70.8578,29.0864,49.8,87,20,10.36
Tiarei,PF,-17.5333,-149.3333,78.82,78,30,8.81
Borzoy,RU,42.8415,45.6275,62.83,47,0,8.12
Hofn,IS,64.2539,-15.2082,46.54,74,11,5.06
Vanimo,PG,-2.6741,141.3028,76.93,89,91,4.38
Sabang,ID,5.8933,95.3214,82.92,72,100,18.9
Ribeira Grande,PT,38.5167,-28.7,72.0,56,20,17.27
San Michele al Tagliamento,IT,45.7644,12.9949,80.67,69,16,3.4
Mossamedes,AO,-15.1961,12.1522,67.24,84,0,8.1
Bonavista,CA,48.6499,-53.1147,60.8,98,100,15.01
Storm Lake,US,42.6411,-95.2097,81.36,69,1,14.97
Krasnoborsk,RU,61.5598,45.934,60.42,88,68,6.64
Thinadhoo,MV,0.5333,72.9333,83.52,70,65,13.87
Foumban,CM,5.7291,10.9001,64.09,93,70,3.24
Cerro Largo,BR,-28.1486,-54.7381,56.75,82,81,5.48
Tessalit,ML,20.1986,1.0114,96.96,11,71,2.55
Morgan City,US,29.6994,-91.2068,84.2,79,90,14.97
Emba,KZ,48.8264,58.1442,75.31,56,29,10.2
Antequera,ES,37.0194,-4.5612,74.7,72,19,7.83
Havre-St-Pierre,CA,50.2334,-63.5986,62.96,82,20,12.66
Morden,CA,49.1919,-98.1014,66.58,42,99,17.27
Maromitsa,RU,59.8683,48.0123,61.5,73,79,8.16
Esperance,AU,-33.8667,121.9,51.64,79,100,9.31
Outjo,NA,-20.1167,16.15,58.19,38,0,8.84
Rundu,NA,-17.9333,19.7667,58.12,39,1,7.94
Atar,MR,20.5169,-13.0499,93.43,13,2,11.16
Ordynskoye,RU,54.3656,81.8994,48.81,75,73,13.31
Katobu,ID,-4.9408,122.5276,72.39,97,99,2.91
Ormara,PK,25.2088,64.6357,83.37,79,100,9.22
Ust-Kuyga,RU,70.0167,135.6,73.65,37,100,2.68
Songjianghe,CN,42.1859,127.479,48.42,96,66,2.08
Batī,ET,11.1833,40.0167,75.83,28,73,8.3
Touros,BR,-5.1989,-35.4608,83.3,72,89,11.54
Lata,PT,40.1629,-8.3327,62.92,81,100,7.54
Korbous,TN,36.8167,10.5687,84.24,51,100,13.8
Coquimbo,CL,-29.9533,-71.3436,60.53,63,0,9.22
Dehlorān,IR,32.6941,47.2679,95.04,11,0,6.93
Port Angeles,US,48.1181,-123.4307,78.91,55,1,0.0
Bama,NG,11.5221,13.6856,85.53,53,96,9.04
Zhoucheng,CN,35.9122,116.3117,75.45,51,81,5.79
Nur,PL,52.6683,22.3221,68.43,91,14,11.56
Littleton,US,39.6133,-105.0166,89.8,36,20,3.0
Mihăileni,RO,47.9667,26.15,68.88,95,99,3.29
Najrān,SA,17.4924,44.1277,84.85,11,48,3.22
Olafsvik,IS,64.8945,-23.7142,46.47,70,27,13.6
Strezhevoy,RU,60.7333,77.5889,53.58,78,100,9.33
Russell,US,32.3502,-85.1999,87.08,73,83,10.94
Kibaya,TZ,-5.3,36.5667,52.29,91,41,4.25
Petauke,ZM,-14.2426,31.3253,59.2,68,37,7.87
San Miguel de Tucumán,AR,-26.8241,-65.2226,55.4,67,40,6.91
Paita,PE,-5.0892,-81.1144,77.56,73,88,17.65
Raja,SS,8.4596,25.678,71.96,75,96,3.02
Kaitangata,NZ,-46.2817,169.8464,39.56,92,13,2.59
Passo Fundo,BR,-28.2628,-52.4067,55.96,84,43,5.84
Kidal,ML,18.4411,1.4078,98.96,10,22,5.95
Port Hardy,CA,50.6996,-127.4199,59.18,88,75,6.91
Souillac,MU,-20.5167,57.5167,71.98,68,40,18.41
San Policarpo,PH,12.1791,125.5072,78.17,86,100,5.86
College,US,64.8569,-147.8028,69.01,55,40,5.75
Tezu,IN,27.9167,96.1667,75.43,98,96,1.83
Port Hedland,AU,-20.3167,118.5667,64.45,63,75,5.75
Soroti,UG,1.7146,33.6111,63.48,93,100,5.75
Tilichiki,RU,60.4667,166.1,48.65,68,100,5.82
Torit,SS,4.4133,32.5678,70.74,88,54,2.68
Biltine,TD,14.5333,20.9167,88.63,30,24,3.85
Karpogory,RU,64.0019,44.4451,58.82,68,99,10.0
Boa Vista,BR,2.8197,-60.6733,89.58,48,40,10.36
Mildura,AU,-34.2,142.15,35.56,100,0,4.61
Saryozek,KZ,44.3583,77.9753,47.89,38,2,3.69
Cururupu,BR,-1.8283,-44.8683,78.13,87,25,6.31
Fallon,US,39.4735,-118.7774,99.91,9,1,9.22
Bud,US,39.447,-86.1758,89.22,67,100,11.95
Kosa,RU,59.9445,54.9977,50.29,55,84,3.0
Rosetta,EG,31.4044,30.4164,75.02,73,0,4.9
Leh,IN,34.1667,77.5833,53.74,37,84,6.11
Shache,CN,38.4167,77.2406,75.74,22,100,8.28
Basoko,CD,1.2391,23.616,76.35,70,100,2.71
Majene,ID,-3.5403,118.9707,75.96,89,100,5.41
Talcahuano,CL,-36.7167,-73.1167,55.08,67,0,14.97
Sørland,NO,67.667,12.6934,50.07,82,100,21.81
Ilo,PE,-17.6394,-71.3375,64.63,81,100,8.48
Changping,CN,40.2186,116.2197,74.52,29,18,4.97
Naushki,RU,50.3828,106.1056,60.49,64,54,2.57
Fonte Boa,BR,-2.4959,-66.2662,83.03,75,24,3.38
San Vicente de Cañete,PE,-13.0751,-76.3835,67.95,75,100,9.84
Mānsa,IN,29.9833,75.3833,91.31,45,1,9.69
Petrovskoye,RU,57.0104,39.2693,67.23,80,0,6.24
Nong’an,CN,44.382,125.1685,55.81,94,40,6.53
Buin,CL,-33.7333,-70.75,56.7,55,99,4.97
Mayo,US,38.8876,-76.5119,94.64,68,86,3.0
Aranos,NA,-24.1333,19.1167,54.37,43,1,10.71
Sola,VU,-13.8833,167.55,80.26,78,91,12.91
Pskov,RU,57.8136,28.3496,73.31,78,0,2.24
Cayenne,GF,4.9333,-52.3333,86.04,76,20,5.99
Pemangkat,ID,1.1667,108.9667,78.53,81,95,6.29
Road Town,VG,18.4167,-64.6167,86.09,74,40,14.97
São Gabriel da Cachoeira,BR,-0.1303,-67.0892,85.8,70,20,6.91
São José da Coroa Grande,BR,-8.8978,-35.1478,78.31,81,10,6.73
Bǝrdǝ,AZ,40.3744,47.1267,76.68,48,0,8.23
La Asuncion,VE,11.0333,-63.8628,89.33,58,72,17.27
Saint Anthony,US,45.0205,-93.218,73.31,87,90,4.61
Mujiayingzi,CN,42.1167,118.7833,60.89,57,98,2.53
Turukhansk,RU,65.8167,87.9833,45.57,92,100,6.2
La Paz,BO,-16.5,-68.15,62.58,17,20,14.97
Poum,NC,-20.2333,164.0167,72.03,66,100,9.48
Laguna,US,38.421,-121.4238,106.21,25,1,4.0
Mezen',RU,65.8522,44.24,50.22,84,100,11.03
Asău,RO,46.4333,26.4,63.52,99,76,2.13
Santo Augusto,BR,-27.8508,-53.7772,53.06,81,95,7.25
Paris,FR,48.8534,2.3488,69.22,91,75,11.5
Bubaque,GW,11.2833,-15.8333,79.07,78,20,19.91
Trelew,AR,-43.249,-65.3051,50.13,36,38,8.88
Cockburn Town,TC,21.4612,-71.1419,81.05,86,43,19.46
Araouane,ML,18.9048,-3.5265,96.06,20,11,10.58
Ucluelet,CA,48.9329,-125.5528,79.95,69,43,5.01
Bucerías,MX,20.75,-105.3333,85.98,70,75,9.22
Deyskoye,RU,43.4755,44.1618,73.54,81,3,2.98
San Francisco,US,37.7749,-122.4194,94.62,76,20,5.01
Tura,IN,25.5198,90.2201,73.15,98,98,5.37
Gebog,ID,-6.735,110.8444,73.47,91,99,2.35
Diego de Almagro,CL,-26.3667,-70.05,66.56,22,86,6.98
Zhigansk,RU,66.7697,123.3711,70.36,52,58,3.67
Sioux Lookout,CA,50.1001,-91.917,64.47,63,75,10.36
Mountain Home,US,43.133,-115.6912,87.8,19,0,19.84
Onega,RU,63.9061,38.1404,71.33,52,98,9.95
Belaya Gora,RU,68.5333,146.4167,57.88,51,0,12.39
Mnogovershinnyy,RU,53.9353,139.9242,58.6,61,77,0.29
Baghdad,IQ,33.3406,44.4009,91.31,14,0,8.05
Petrozavodsk,RU,61.7849,34.3469,74.66,53,0,4.47
Lebanon,US,36.2081,-86.2911,92.84,55,1,5.75
Ambikāpur,IN,23.1167,83.2,77.4,67,81,3.71
Takoradze,GH,4.8845,-1.7554,76.75,88,100,10.49
Nantucket,US,41.2835,-70.0995,81.61,76,1,14.97
Luga,RU,58.7372,29.8453,70.65,73,0,4.85
Oistins,BB,13.0667,-59.5333,86.09,62,40,24.16
Ganzhou,CN,28.8184,115.4327,71.74,94,100,2.66
Fort Smith,US,35.3859,-94.3986,93.69,44,1,7.0
Camalú,MX,30.85,-116.0667,74.43,65,17,10.4
Along,IN,28.1667,94.7667,73.36,99,83,0.94
Yerbogachën,RU,61.2767,108.0108,56.48,82,37,2.06
Chapais,CA,49.7834,-74.8492,71.38,45,57,4.76
Podgorica,ME,42.4411,19.2636,78.58,61,20,2.3
Rantauprapat,ID,2.1,99.8333,72.34,96,100,1.79
Villarrobledo,ES,39.2699,-2.6012,68.77,52,35,12.17
Cristóbal Obregón,MX,16.35,-93.5333,85.26,74,95,5.14
Nioki,CD,-2.7167,17.6833,79.27,39,9,2.91
Havelock,US,34.8791,-76.9013,87.06,82,75,13.0
Lukovetskiy,RU,64.2956,41.9211,66.18,73,100,7.9
Quang Ngai,VN,15.1167,108.8,78.22,75,82,5.68
Benguela,AO,-12.5763,13.4055,72.05,78,5,2.1
Oranjemund,NA,-28.55,16.4333,72.01,32,0,6.22
Townsville,AU,-19.25,146.8,50.88,93,7,0.0
Khandyga,RU,62.6667,135.6,66.87,54,72,2.51
Santa Engracia,ES,41.9406,-1.3245,76.59,48,100,10.74
Kieta,PG,-6.2167,155.6333,78.58,83,46,3.38
San Luis,AR,-33.295,-66.3356,52.09,53,3,9.17
Magomeni,TZ,-6.8,39.25,71.98,87,39,6.53
Kokopo,PG,-4.352,152.2633,75.78,86,67,5.5
Huntington,US,38.4193,-82.4452,91.65,62,40,1.99
Perth,AU,-31.9333,115.8333,48.2,96,90,14.97
Panabá,MX,21.2833,-88.2667,94.6,47,100,15.37
Katangli,RU,51.7102,143.2326,50.63,69,71,4.81
Forestville,US,38.8451,-76.875,94.21,53,75,1.99
Alzey,DE,49.7517,8.1161,76.53,96,100,7.02
Raudeberg,NO,61.9875,5.1352,56.98,91,100,3.36
Maha Sarakham,TH,16.3333,103.6667,85.17,69,25,9.62
Kabare,CD,-2.4683,28.8242,59.4,92,68,0.58
Anadyr,RU,64.75,177.4833,57.7,62,0,8.95
Mamit,IN,23.9333,92.4833,67.91,94,100,1.86
Kalmunai,LK,7.4167,81.8167,80.73,77,8,1.14
Guiratinga,BR,-16.3494,-53.7583,85.6,34,2,4.97
Adrar,MR,20.5022,-10.0711,95.4,11,59,11.36
Severnoye,RU,56.3491,78.3619,50.7,68,100,11.07
